{"cameraMode":{"drawMode":0,"name":"Shaded","section":"Shading Mode"},"sceneLighting":false,"audioPlay":false,"sceneViewState":{"showFog":true,"showMaterialUpdate":false,"showSkybox":false,"showFlares":true,"showImageEffects":true,"showParticleSystems":true},"in2DMode":false,"pivot":{"x":0.07396193593740463,"y":0.01702592521905899,"z":-0.10999749600887299},"rotation":{"x":-0.09058168530464173,"y":0.8608673214912415,"z":-0.1649458110332489,"w":-0.4727553129196167},"size":0.023324841633439065,"orthographic":false}